,0
0,0.0
1,0.0
2,0.0
3,0.0
4,0.0
5,0.0
6,0.0
7,0.0
8,0.0
9,0.0
10,0.0
11,0.0
12,0.0
13,0.0
14,0.0
15,0.0
16,0.0
17,0.0
18,0.0
19,0.0
20,0.0
21,0.0
22,0.0
23,0.0
24,0.0
25,0.0
26,0.0
27,0.0
28,0.0
29,0.0
30,0.0
31,0.0
32,0.0
33,0.0
34,0.0
35,0.0
36,0.0
37,0.0
38,0.0
39,0.0
40,0.0
41,0.0
42,0.0
43,0.0
44,0.0
45,0.0
46,0.0
47,0.0
48,0.0
49,0.0
50,0.0
51,0.0
52,0.0
53,0.0
54,0.0
55,0.0
56,0.0
57,0.0
58,0.0
59,0.0
60,0.0
61,0.0
62,0.0
63,0.0
64,0.0
65,0.0
66,0.0
67,0.0
68,0.0
69,0.0
70,0.0
71,0.0
72,0.0
73,0.0
74,0.0
75,0.0
76,0.0
77,0.0
78,0.0
79,0.0
80,0.0
81,0.0
82,0.0
83,0.0
84,0.0
85,0.0
86,0.0
87,0.0
88,0.0
89,0.0
90,0.0
91,0.0
92,0.0
93,0.0
94,0.0
95,0.0
96,0.0
97,0.0
98,0.0
99,0.0
100,0.0
101,0.0
102,0.0
103,0.4059999999999999
104,0.0
105,0.0
106,0.0
107,0.0
108,0.0
109,0.0
110,0.0
111,0.0
112,0.0
113,0.0
114,0.0
115,0.0
116,0.0
117,0.0
118,0.0
119,0.0
120,0.0
121,0.0
122,0.0
123,0.0
124,0.0
125,0.0
126,0.0
127,0.0
128,0.0
129,0.0
130,0.0
131,0.0
132,0.0
133,0.0
134,0.0
135,0.0
136,0.0
137,0.0
138,0.0
139,0.0
140,0.0
141,0.0
142,0.0
143,0.0
144,0.0
145,0.0
146,0.0
147,0.0
148,0.0
149,0.0
150,0.0
151,0.0
152,0.0
153,0.0
154,0.0
155,0.0
156,0.0
157,0.0
158,0.0
159,0.0
160,0.0
161,0.0
162,0.0
163,0.0
164,0.0
165,0.0
166,0.0
167,0.0
168,0.0
169,0.0
170,0.0
171,0.0
172,0.0
173,0.0
174,0.0
175,0.0
176,0.0
177,0.0
178,0.0
179,0.0
180,0.0
181,0.0
182,0.0
183,0.0
184,0.0
185,0.0
186,0.0
187,0.0
188,0.0
189,0.0
190,0.0
191,0.0
192,0.0
193,0.0
194,0.0
195,0.0
196,0.0
197,0.0
198,0.0
199,0.0
200,0.0
201,0.0
202,0.0
203,0.0
204,0.0
205,0.0
206,0.0
207,0.0
208,0.0
209,0.0
210,0.0
211,0.0
212,0.0
213,0.0
214,0.0
215,0.0
216,0.0
217,0.0
218,0.0
219,0.0
220,0.0
221,0.0
222,0.0
223,0.0
224,0.0
225,0.0
226,0.0
227,0.0
228,0.0
229,0.0
230,0.0
231,0.0
232,0.0
233,0.0
234,0.0
235,0.0
236,0.0
237,0.0
238,0.0
239,0.0
240,0.0
241,0.0
242,0.0
243,0.0
244,0.0
245,0.0
246,0.0
247,0.0
248,0.0
249,0.0
250,0.0
251,0.0
252,0.0
253,0.0
254,0.0
255,0.0
256,0.0
257,0.0
258,0.0
259,0.0
260,0.0
261,0.0
262,0.0
263,0.0
264,0.0
265,0.0
266,0.0
267,0.0
268,0.0
269,0.0
270,0.0
271,0.0
272,0.0
273,0.0
274,0.0
275,0.0
276,0.0
277,0.0
278,0.0
279,0.0
280,0.0
281,0.0
282,0.0
283,0.0
284,0.0
285,0.0
286,0.0
287,0.0
288,0.0
289,0.0
290,0.0
291,0.0
292,0.0
293,0.0
294,0.0
295,0.0
296,0.0
297,0.0
298,0.0
299,0.0
300,0.0
301,0.0
302,0.0
303,0.0
304,0.0
305,0.0
306,0.0
307,0.0
308,0.0
309,0.0
310,0.0
311,0.0
312,0.0
313,0.0
314,0.0
315,0.0
316,0.0
317,0.0
318,0.0
319,0.0
320,0.0
321,0.0
322,0.0
323,0.0
324,0.0
325,0.0
326,0.0
327,0.0
328,0.0
329,0.0
330,0.0
331,0.0
332,0.0
333,0.0
334,0.136
335,0.0
336,0.0
337,0.0
338,0.0
339,0.0
340,0.0
341,0.0
342,0.0
343,0.0
344,0.0
345,0.0
346,0.0
347,0.0
348,0.0
349,0.0
350,0.0
351,0.0
352,0.0
353,0.0
354,0.0
355,0.0
356,0.0
357,0.0
358,0.0
359,0.0
360,0.0
361,0.0
362,0.0
363,0.0
364,0.0
365,0.0
366,0.0
367,0.0
368,0.0
369,0.0
370,0.0
371,0.0
372,0.0
373,0.0
374,0.15400000000000003
375,0.0
376,0.0
377,0.0
378,0.0
379,0.0
380,0.0
381,0.0
382,0.0
383,0.0
384,0.0
385,0.0
386,0.0
387,0.0
388,0.44199999999999995
389,0.0
390,0.0
391,0.0
392,0.0
393,0.0
394,0.0
395,0.0
396,0.0
397,0.0
398,0.0
399,0.0
400,0.4959999999999999
401,0.0
402,0.0
403,0.0
404,0.0
405,0.0
406,0.0
407,0.0
408,0.874
409,0.0
410,0.244
411,0.262
412,0.33399999999999996
413,0.0
414,0.0
415,0.0
416,0.514
417,0.856
418,0.0
419,0.0
420,0.0
421,0.0
422,0.0
423,0.0
424,0.838
425,0.0
426,0.874
427,0.0
428,0.0
429,0.0
430,0.0
431,0.2799999999999999
432,0.0
433,0.244
434,0.0
435,0.0
436,0.0
437,0.0
438,0.856
439,0.784
440,0.73
441,0.874
442,0.0
443,0.0
444,0.0
445,0.0
446,0.82
447,0.604
448,0.0
449,0.0
450,0.0
451,0.0
452,0.0
453,0.0
454,0.514
455,0.0
456,0.73
457,0.0
458,0.0
459,0.0
460,0.0
461,0.22599999999999998
462,0.0
463,0.0
464,0.0
465,0.766
466,0.6579999999999999
467,0.31599999999999995
468,0.0
469,0.0
470,0.0
471,0.0
472,0.73
473,0.4059999999999999
474,0.0
475,0.0
476,0.55
477,0.0
478,0.0
479,0.55
480,0.712
481,0.0
482,0.44199999999999995
483,0.0
484,0.42399999999999993
485,0.748
486,0.0
487,0.4959999999999999
488,0.0
489,0.15400000000000003
490,0.31599999999999995
491,0.0
492,0.0
493,0.0
494,0.0
495,0.4059999999999999
496,0.0
497,0.0
498,0.0
499,0.0
500,0.82
501,0.55
502,0.838
503,0.244
504,0.532
505,0.0
506,0.0
507,0.0
508,0.73
509,0.37
510,0.0
511,0.0
512,0.6759999999999999
513,0.0
514,0.0
515,0.0
516,0.55
517,0.352
518,0.478
519,0.45999999999999996
520,0.0
521,0.2799999999999999
522,0.6579999999999999
523,0.586
524,0.0
525,0.0
526,0.0
527,0.3879999999999999
528,0.0
529,0.6399999999999999
530,0.17199999999999993
531,0.0
532,0.0
533,0.73
534,0.262
535,0.4059999999999999
536,0.44199999999999995
537,0.0
538,0.0
539,0.514
540,0.0
541,0.0
542,0.622
543,0.45999999999999996
544,0.2799999999999999
545,0.37
546,0.0
547,0.0
548,0.0
549,0.802
550,0.73
551,0.244
552,0.262
553,0.118
554,0.0
555,0.0
556,0.874
557,0.694
558,0.0
559,0.0
560,0.874
561,0.0
562,0.874
563,0.42399999999999993
564,0.838
565,0.09999999999999998
566,0.0
567,0.82
568,0.5680000000000001
569,0.0
570,0.0
571,0.82
572,0.766
573,0.0
574,0.0
575,0.0
576,0.0
577,0.694
578,0.0
579,0.0
580,0.0
581,0.748
582,0.856
583,0.0
584,0.694
585,0.37
586,0.0
587,0.856
588,0.586
589,0.0
590,0.0
591,0.874
592,0.29799999999999993
593,0.0
594,0.748
595,0.0
596,0.0
597,0.29799999999999993
598,0.0
599,0.0
600,0.0
601,0.622
602,0.55
603,0.0
604,0.73
605,0.18999999999999995
606,0.766
607,0.874
608,0.0
609,0.6399999999999999
610,0.4059999999999999
611,0.4959999999999999
612,0.136
613,0.874
614,0.0
615,0.6399999999999999
616,0.0
617,0.0
618,0.802
619,0.0
620,0.766
621,0.73
622,0.0
623,0.784
624,0.478
625,0.0
626,0.0
627,0.0
628,0.838
629,0.31599999999999995
630,0.856
631,0.0
632,0.0
633,0.29799999999999993
634,0.0
635,0.0
636,0.784
637,0.18999999999999995
638,0.0
639,0.0
640,0.0
641,0.0
642,0.44199999999999995
643,0.0
644,0.0
645,0.784
646,0.0
647,0.31599999999999995
648,0.2799999999999999
649,0.6579999999999999
650,0.4059999999999999
651,0.0
652,0.0
653,0.136
654,0.262
655,0.6759999999999999
656,0.6759999999999999
657,0.262
658,0.0
659,0.0
660,0.0
661,0.0
662,0.6399999999999999
663,0.856
664,0.0
665,0.0
666,0.0
667,0.0
668,0.874
669,0.6399999999999999
670,0.352
671,0.0
672,0.6759999999999999
673,0.118
674,0.0
675,0.604
676,0.802
677,0.802
678,0.0
679,0.0
680,0.802
681,0.29799999999999993
682,0.784
683,0.6759999999999999
684,0.0
685,0.0
686,0.0
687,0.856
688,0.874
689,0.0
690,0.0
691,0.0
692,0.0
693,0.0
694,0.0
695,0.09999999999999998
696,0.0
697,0.802
698,0.0
699,0.73
700,0.0
701,0.856
702,0.0
703,0.82
704,0.0
705,0.4059999999999999
706,0.45999999999999996
707,0.29799999999999993
708,0.0
709,0.0
710,0.0
711,0.0
712,0.514
713,0.0
714,0.244
715,0.73
716,0.0
717,0.0
718,0.0
719,0.874
720,0.262
721,0.784
722,0.802
723,0.0
724,0.0
725,0.44199999999999995
726,0.17199999999999993
727,0.0
728,0.748
729,0.0
730,0.5680000000000001
731,0.856
732,0.0
733,0.0
734,0.0
735,0.0
736,0.3879999999999999
737,0.0
738,0.0
739,0.37
740,0.0
741,0.694
742,0.0
743,0.0
744,0.4059999999999999
745,0.6399999999999999
746,0.478
747,0.784
748,0.45999999999999996
749,0.856
750,0.0
751,0.712
752,0.0
753,0.622
754,0.244
755,0.0
756,0.2799999999999999
757,0.82
758,0.0
759,0.0
760,0.37
761,0.802
762,0.6399999999999999
763,0.784
764,0.766
765,0.6399999999999999
766,0.0
767,0.73
768,0.4959999999999999
769,0.4059999999999999
770,0.22599999999999998
771,0.748
772,0.0
773,0.838
774,0.802
775,0.0
776,0.0
777,0.0
778,0.5680000000000001
779,0.0
780,0.0
781,0.352
782,0.0
783,0.838
784,0.0
785,0.0
786,0.0
787,0.244
788,0.44199999999999995
789,0.18999999999999995
790,0.766
791,0.0
792,0.6759999999999999
793,0.0
794,0.0
795,0.0
796,0.29799999999999993
797,0.0
798,0.0
799,0.0
800,0.37
801,0.874
802,0.5680000000000001
803,0.856
804,0.0
805,0.352
806,0.0
807,0.0
808,0.514
809,0.0
810,0.0
811,0.0
812,0.4059999999999999
813,0.31599999999999995
814,0.0
815,0.0
816,0.3879999999999999
817,0.4059999999999999
818,0.0
819,0.838
820,0.856
821,0.766
822,0.874
823,0.532
824,0.0
825,0.0
826,0.0
827,0.6759999999999999
828,0.73
829,0.874
830,0.0
831,0.586
832,0.0
833,0.766
834,0.5680000000000001
835,0.6759999999999999
836,0.20799999999999996
837,0.82
838,0.4959999999999999
839,0.82
840,0.0
841,0.352
842,0.0
843,0.748
844,0.712
845,0.45999999999999996
846,0.18999999999999995
847,0.694
848,0.0
849,0.586
850,0.874
851,0.6399999999999999
852,0.874
853,0.586
854,0.33399999999999996
855,0.622
856,0.0
857,0.0
858,0.0
859,0.0
860,0.874
861,0.73
862,0.55
863,0.0
864,0.31599999999999995
865,0.73
866,0.0
867,0.694
868,0.874
869,0.0
870,0.0
871,0.0
872,0.0
873,0.622
874,0.838
875,0.0
876,0.244
877,0.766
878,0.0
879,0.0
880,0.0
881,0.73
882,0.0
883,0.82
884,0.0
885,0.838
886,0.0
887,0.0
888,0.856
889,0.0
890,0.0
891,0.2799999999999999
892,0.0
893,0.0
894,0.586
895,0.0
896,0.22599999999999998
897,0.802
898,0.0
899,0.44199999999999995
900,0.766
901,0.838
902,0.748
903,0.838
904,0.0
905,0.856
906,0.0
907,0.0
908,0.856
909,0.0
910,0.0
911,0.0
912,0.4059999999999999
913,0.0
914,0.82
915,0.748
916,0.802
917,0.0
918,0.622
919,0.0
920,0.2799999999999999
921,0.748
922,0.0
923,0.0
924,0.0
925,0.82
926,0.44199999999999995
927,0.44199999999999995
928,0.0
929,0.6399999999999999
930,0.0
931,0.0
932,0.82
933,0.0
934,0.0
935,0.0
936,0.42399999999999993
937,0.0
938,0.0
939,0.0
940,0.0
941,0.766
942,0.18999999999999995
943,0.17199999999999993
944,0.17199999999999993
945,0.0
946,0.17199999999999993
947,0.532
948,0.802
949,0.0
950,0.0
951,0.0
952,0.0
953,0.118
954,0.0
955,0.874
956,0.514
957,0.0
958,0.18999999999999995
959,0.0
960,0.262
961,0.22599999999999998
962,0.0
963,0.17199999999999993
964,0.0
965,0.2799999999999999
966,0.0
967,0.784
968,0.4959999999999999
969,0.6579999999999999
970,0.478
971,0.0
972,0.55
973,0.6399999999999999
974,0.0
975,0.802
976,0.784
977,0.0
978,0.0
979,0.0
980,0.82
981,0.874
982,0.0
983,0.0
984,0.0
985,0.0
986,0.09999999999999998
987,0.3879999999999999
988,0.0
989,0.0
990,0.748
991,0.838
992,0.748
993,0.33399999999999996
994,0.0
995,0.6399999999999999
996,0.514
997,0.0
998,0.0
999,0.0
1000,0.0
1001,0.31599999999999995
1002,0.0
1003,0.0
1004,0.0
1005,0.766
1006,0.766
1007,0.622
1008,0.838
1009,0.17199999999999993
1010,0.0
1011,0.31599999999999995
1012,0.55
1013,0.0
1014,0.0
1015,0.0
1016,0.0
1017,0.802
1018,0.0
1019,0.0
1020,0.73
1021,0.802
1022,0.604
1023,0.0
1024,0.874
1025,0.838
1026,0.73
1027,0.6759999999999999
1028,0.0
1029,0.82
1030,0.3879999999999999
1031,0.44199999999999995
1032,0.22599999999999998
1033,0.0
1034,0.6399999999999999
1035,0.856
1036,0.0
1037,0.0
1038,0.0
1039,0.0
1040,0.0
1041,0.856
1042,0.604
1043,0.82
1044,0.17199999999999993
1045,0.0
1046,0.82
1047,0.44199999999999995
1048,0.0
1049,0.4059999999999999
1050,0.802
1051,0.5680000000000001
1052,0.0
1053,0.0
1054,0.0
1055,0.0
1056,0.42399999999999993
1057,0.532
1058,0.82
1059,0.0
1060,0.29799999999999993
1061,0.118
1062,0.766
1063,0.15400000000000003
1064,0.136
1065,0.33399999999999996
1066,0.0
1067,0.15400000000000003
1068,0.0
1069,0.694
1070,0.838
1071,0.6399999999999999
1072,0.0
1073,0.0
1074,0.0
1075,0.0
1076,0.838
1077,0.478
1078,0.0
1079,0.802
1080,0.4059999999999999
1081,0.0
1082,0.0
1083,0.6579999999999999
1084,0.532
1085,0.0
1086,0.478
1087,0.0
1088,0.0
1089,0.0
1090,0.0
1091,0.31599999999999995
1092,0.0
1093,0.0
1094,0.33399999999999996
1095,0.694
1096,0.0
1097,0.0
1098,0.0
1099,0.6399999999999999
1100,0.0
1101,0.55
1102,0.0
1103,0.6579999999999999
1104,0.0
1105,0.856
1106,0.4959999999999999
1107,0.748
1108,0.0
1109,0.694
1110,0.244
1111,0.0
1112,0.586
1113,0.0
1114,0.874
1115,0.4959999999999999
1116,0.2799999999999999
1117,0.22599999999999998
1118,0.622
1119,0.6399999999999999
1120,0.0
1121,0.532
1122,0.0
1123,0.118
1124,0.0
1125,0.2799999999999999
1126,0.0
1127,0.136
1128,0.0
1129,0.0
1130,0.0
1131,0.82
1132,0.5680000000000001
1133,0.73
1134,0.622
1135,0.712
1136,0.604
1137,0.874
1138,0.0
1139,0.33399999999999996
1140,0.6399999999999999
1141,0.532
1142,0.604
1143,0.0
1144,0.0
1145,0.712
1146,0.694
1147,0.514
1148,0.802
1149,0.604
1150,0.4059999999999999
1151,0.0
1152,0.0
1153,0.18999999999999995
1154,0.0
1155,0.586
1156,0.0
1157,0.0
1158,0.478
1159,0.748
1160,0.33399999999999996
1161,0.838
1162,0.532
1163,0.82
1164,0.0
1165,0.874
1166,0.856
1167,0.0
1168,0.532
1169,0.838
1170,0.0
1171,0.604
1172,0.82
1173,0.4959999999999999
1174,0.0
1175,0.0
1176,0.29799999999999993
1177,0.694
1178,0.856
1179,0.0
1180,0.0
1181,0.22599999999999998
1182,0.0
1183,0.586
1184,0.712
1185,0.0
1186,0.2799999999999999
1187,0.0
1188,0.0
1189,0.0
1190,0.0
1191,0.0
1192,0.0
1193,0.0
1194,0.0
1195,0.0
1196,0.0
1197,0.0
1198,0.586
1199,0.0
1200,0.0
1201,0.0
1202,0.712
1203,0.748
1204,0.0
1205,0.45999999999999996
1206,0.532
1207,0.0
1208,0.0
1209,0.0
1210,0.784
1211,0.0
1212,0.0
1213,0.694
1214,0.0
1215,0.55
1216,0.82
1217,0.18999999999999995
1218,0.0
1219,0.856
1220,0.6579999999999999
1221,0.622
1222,0.604
1223,0.838
1224,0.82
1225,0.0
1226,0.0
1227,0.0
1228,0.0
1229,0.0
1230,0.29799999999999993
1231,0.0
1232,0.838
1233,0.0
1234,0.0
1235,0.0
1236,0.838
1237,0.29799999999999993
1238,0.352
1239,0.0
1240,0.0
1241,0.44199999999999995
1242,0.712
1243,0.6399999999999999
1244,0.3879999999999999
1245,0.766
1246,0.6399999999999999
1247,0.784
1248,0.0
1249,0.4959999999999999
1250,0.5680000000000001
1251,0.0
1252,0.802
1253,0.6399999999999999
1254,0.44199999999999995
1255,0.0
1256,0.15400000000000003
1257,0.0
1258,0.4959999999999999
1259,0.0
1260,0.784
1261,0.586
1262,0.0
1263,0.0
1264,0.0
1265,0.712
1266,0.0
1267,0.874
1268,0.0
1269,0.766
1270,0.3879999999999999
1271,0.0
1272,0.0
1273,0.0
1274,0.478
1275,0.586
1276,0.0
1277,0.0
1278,0.0
1279,0.73
1280,0.0
1281,0.766
1282,0.0
1283,0.6759999999999999
1284,0.0
1285,0.0
1286,0.0
1287,0.766
1288,0.0
1289,0.0
1290,0.17199999999999993
1291,0.622
1292,0.784
1293,0.0
1294,0.6759999999999999
1295,0.44199999999999995
1296,0.37
1297,0.766
1298,0.0
1299,0.838
1300,0.0
1301,0.0
1302,0.874
1303,0.0
1304,0.0
1305,0.0
1306,0.4959999999999999
1307,0.0
1308,0.514
1309,0.0
1310,0.0
1311,0.0
1312,0.0
1313,0.33399999999999996
1314,0.784
1315,0.874
1316,0.0
1317,0.0
1318,0.0
1319,0.0
1320,0.874
1321,0.6579999999999999
1322,0.6399999999999999
1323,0.55
1324,0.2799999999999999
1325,0.0
1326,0.0
1327,0.514
1328,0.6759999999999999
1329,0.4959999999999999
1330,0.0
1331,0.766
1332,0.0
1333,0.262
1334,0.0
1335,0.0
1336,0.0
1337,0.42399999999999993
1338,0.712
1339,0.44199999999999995
1340,0.0
1341,0.0
1342,0.3879999999999999
1343,0.802
1344,0.748
1345,0.604
1346,0.0
1347,0.352
1348,0.0
1349,0.712
1350,0.838
1351,0.604
1352,0.0
1353,0.856
1354,0.55
1355,0.0
1356,0.4059999999999999
1357,0.766
1358,0.0
1359,0.604
1360,0.18999999999999995
1361,0.4959999999999999
1362,0.766
1363,0.33399999999999996
1364,0.712
1365,0.532
1366,0.0
1367,0.0
1368,0.0
1369,0.586
1370,0.0
1371,0.33399999999999996
1372,0.586
1373,0.0
1374,0.0
1375,0.586
1376,0.0
1377,0.802
1378,0.33399999999999996
1379,0.0
1380,0.838
1381,0.0
1382,0.0
1383,0.0
1384,0.784
1385,0.55
1386,0.856
1387,0.604
1388,0.0
1389,0.6579999999999999
1390,0.6579999999999999
1391,0.18999999999999995
1392,0.0
1393,0.694
1394,0.586
1395,0.262
1396,0.20799999999999996
1397,0.748
1398,0.0
1399,0.784
1400,0.6759999999999999
1401,0.82
1402,0.874
1403,0.748
1404,0.42399999999999993
1405,0.856
1406,0.0
1407,0.73
1408,0.0
1409,0.856
1410,0.784
1411,0.514
1412,0.73
1413,0.784
1414,0.0
1415,0.694
1416,0.6579999999999999
1417,0.73
1418,0.856
1419,0.784
1420,0.22599999999999998
1421,0.532
1422,0.0
1423,0.0
1424,0.0
1425,0.0
1426,0.15400000000000003
1427,0.856
1428,0.0
1429,0.18999999999999995
1430,0.514
1431,0.44199999999999995
1432,0.18999999999999995
1433,0.0
1434,0.766
1435,0.712
1436,0.0
1437,0.0
1438,0.0
1439,0.622
1440,0.45999999999999996
1441,0.532
1442,0.874
1443,0.44199999999999995
1444,0.0
1445,0.0
1446,0.838
1447,0.37
1448,0.856
1449,0.514
1450,0.6579999999999999
1451,0.0
1452,0.0
1453,0.802
1454,0.766
1455,0.118
1456,0.0
1457,0.0
1458,0.802
1459,0.6399999999999999
1460,0.0
1461,0.0
1462,0.0
1463,0.694
1464,0.0
1465,0.0
1466,0.748
1467,0.0
1468,0.0
1469,0.0
1470,0.45999999999999996
1471,0.352
1472,0.0
1473,0.45999999999999996
1474,0.478
1475,0.874
1476,0.532
1477,0.352
1478,0.18999999999999995
1479,0.838
1480,0.0
1481,0.838
1482,0.802
1483,0.3879999999999999
1484,0.45999999999999996
1485,0.0
1486,0.20799999999999996
1487,0.0
1488,0.6579999999999999
1489,0.532
1490,0.0
1491,0.694
1492,0.0
1493,0.604
1494,0.0
1495,0.0
1496,0.0
1497,0.0
1498,0.0
1499,0.514
1500,0.802
1501,0.838
1502,0.874
1503,0.0
1504,0.0
1505,0.73
1506,0.0
1507,0.478
1508,0.0
1509,0.55
1510,0.0
1511,0.604
1512,0.55
1513,0.874
1514,0.0
1515,0.0
1516,0.802
1517,0.784
1518,0.604
1519,0.748
1520,0.2799999999999999
1521,0.0
1522,0.0
1523,0.31599999999999995
1524,0.0
1525,0.856
1526,0.0
1527,0.0
1528,0.856
1529,0.748
1530,0.802
1531,0.748
1532,0.802
1533,0.0
1534,0.0
1535,0.694
1536,0.0
1537,0.712
1538,0.0
1539,0.0
1540,0.31599999999999995
1541,0.748
1542,0.0
1543,0.856
1544,0.0
1545,0.838
1546,0.0
1547,0.09999999999999998
1548,0.802
1549,0.694
1550,0.0
1551,0.802
1552,0.82
1553,0.0
1554,0.0
1555,0.838
1556,0.0
1557,0.604
1558,0.0
1559,0.802
1560,0.6759999999999999
1561,0.15400000000000003
1562,0.0
1563,0.802
1564,0.4959999999999999
1565,0.0
1566,0.0
1567,0.6399999999999999
1568,0.838
1569,0.0
1570,0.3879999999999999
1571,0.42399999999999993
1572,0.0
1573,0.0
1574,0.0
1575,0.0
1576,0.0
1577,0.0
1578,0.874
1579,0.136
1580,0.712
1581,0.784
1582,0.838
1583,0.262
1584,0.802
1585,0.20799999999999996
1586,0.118
1587,0.6579999999999999
1588,0.622
1589,0.712
1590,0.20799999999999996
1591,0.82
1592,0.4059999999999999
1593,0.17199999999999993
1594,0.55
1595,0.838
1596,0.0
1597,0.82
1598,0.136
1599,0.0
1600,0.874
1601,0.0
1602,0.0
1603,0.17199999999999993
1604,0.0
1605,0.478
1606,0.09999999999999998
1607,0.0
1608,0.0
1609,0.352
1610,0.0
1611,0.42399999999999993
1612,0.784
1613,0.82
1614,0.0
1615,0.4059999999999999
1616,0.712
1617,0.748
1618,0.0
1619,0.4059999999999999
1620,0.0
1621,0.766
1622,0.0
1623,0.6579999999999999
1624,0.0
1625,0.22599999999999998
1626,0.802
1627,0.0
1628,0.0
1629,0.0
1630,0.838
1631,0.0
1632,0.0
1633,0.0
1634,0.838
1635,0.0
1636,0.622
1637,0.6399999999999999
1638,0.82
1639,0.44199999999999995
1640,0.0
1641,0.0
1642,0.0
1643,0.0
1644,0.0
1645,0.712
1646,0.0
1647,0.856
1648,0.0
1649,0.6759999999999999
1650,0.856
1651,0.0
1652,0.0
1653,0.0
1654,0.352
1655,0.0
1656,0.45999999999999996
1657,0.784
1658,0.0
1659,0.0
1660,0.136
1661,0.0
1662,0.82
1663,0.766
1664,0.856
1665,0.856
1666,0.15400000000000003
1667,0.694
1668,0.0
1669,0.0
1670,0.766
1671,0.0
1672,0.73
1673,0.802
1674,0.0
1675,0.748
1676,0.262
1677,0.604
1678,0.694
1679,0.874
1680,0.766
1681,0.0
1682,0.622
1683,0.766
1684,0.0
1685,0.514
1686,0.82
1687,0.82
1688,0.856
1689,0.838
1690,0.0
1691,0.784
1692,0.6579999999999999
1693,0.0
1694,0.0
1695,0.0
1696,0.6579999999999999
1697,0.22599999999999998
1698,0.586
1699,0.802
1700,0.478
1701,0.0
1702,0.0
1703,0.0
1704,0.784
1705,0.44199999999999995
1706,0.0
1707,0.73
1708,0.478
1709,0.4059999999999999
1710,0.748
1711,0.73
1712,0.6579999999999999
1713,0.838
1714,0.532
1715,0.856
1716,0.0
1717,0.0
1718,0.0
1719,0.0
1720,0.622
1721,0.748
1722,0.0
1723,0.0
1724,0.0
1725,0.6759999999999999
1726,0.784
1727,0.712
1728,0.0
1729,0.586
1730,0.17199999999999993
1731,0.31599999999999995
1732,0.0
1733,0.136
1734,0.0
1735,0.856
1736,0.0
1737,0.874
1738,0.82
1739,0.0
1740,0.748
1741,0.0
1742,0.09999999999999998
1743,0.0
1744,0.838
1745,0.0
1746,0.44199999999999995
1747,0.44199999999999995
1748,0.694
1749,0.0
1750,0.838
1751,0.0
1752,0.856
1753,0.55
1754,0.352
1755,0.532
1756,0.784
1757,0.748
1758,0.874
1759,0.55
1760,0.0
1761,0.0
1762,0.856
1763,0.82
1764,0.766
1765,0.856
1766,0.0
1767,0.82
1768,0.0
1769,0.0
1770,0.784
1771,0.0
1772,0.0
1773,0.0
1774,0.4059999999999999
1775,0.82
1776,0.73
1777,0.0
1778,0.0
1779,0.0
1780,0.0
1781,0.802
1782,0.0
1783,0.15400000000000003
1784,0.73
1785,0.0
1786,0.37
1787,0.0
1788,0.18999999999999995
1789,0.0
1790,0.82
1791,0.0
1792,0.802
1793,0.0
1794,0.0
1795,0.0
1796,0.0
1797,0.838
1798,0.73
1799,0.0
1800,0.0
1801,0.748
1802,0.0
1803,0.838
1804,0.82
1805,0.874
1806,0.0
1807,0.874
1808,0.856
1809,0.82
1810,0.532
1811,0.17199999999999993
1812,0.0
1813,0.29799999999999993
1814,0.73
1815,0.0
1816,0.0
1817,0.694
1818,0.694
1819,0.0
1820,0.0
1821,0.73
1822,0.766
1823,0.0
1824,0.0
1825,0.694
1826,0.0
1827,0.784
1828,0.4059999999999999
1829,0.856
1830,0.856
1831,0.766
1832,0.0
1833,0.586
1834,0.6579999999999999
1835,0.0
1836,0.0
1837,0.0
1838,0.0
1839,0.0
1840,0.6399999999999999
1841,0.0
1842,0.856
1843,0.118
1844,0.0
1845,0.874
1846,0.0
1847,0.0
1848,0.514
1849,0.712
1850,0.0
1851,0.0
1852,0.0
1853,0.802
1854,0.748
1855,0.0
1856,0.262
1857,0.0
1858,0.0
1859,0.73
1860,0.4059999999999999
1861,0.0
1862,0.0
1863,0.0
1864,0.0
1865,0.0
1866,0.0
1867,0.22599999999999998
1868,0.766
1869,0.856
1870,0.0
1871,0.37
1872,0.0
1873,0.0
1874,0.0
1875,0.45999999999999996
1876,0.0
1877,0.0
1878,0.766
1879,0.0
1880,0.0
1881,0.586
1882,0.3879999999999999
1883,0.0
1884,0.0
1885,0.0
1886,0.18999999999999995
1887,0.0
1888,0.802
1889,0.0
1890,0.0
1891,0.0
1892,0.45999999999999996
1893,0.0
1894,0.244
1895,0.856
1896,0.6759999999999999
1897,0.0
1898,0.622
1899,0.766
1900,0.0
1901,0.0
1902,0.0
1903,0.3879999999999999
1904,0.0
1905,0.0
1906,0.73
1907,0.0
1908,0.622
1909,0.0
1910,0.42399999999999993
1911,0.73
1912,0.118
1913,0.20799999999999996
1914,0.0
1915,0.0
1916,0.712
1917,0.856
1918,0.244
1919,0.0
1920,0.748
1921,0.82
1922,0.0
1923,0.0
1924,0.604
1925,0.0
1926,0.784
1927,0.55
1928,0.136
1929,0.352
1930,0.82
1931,0.0
1932,0.0
1933,0.838
1934,0.784
1935,0.802
1936,0.82
1937,0.0
1938,0.0
1939,0.22599999999999998
1940,0.6759999999999999
1941,0.748
1942,0.09999999999999998
1943,0.0
1944,0.0
1945,0.0
1946,0.0
1947,0.0
1948,0.6579999999999999
1949,0.37
1950,0.82
1951,0.45999999999999996
1952,0.0
1953,0.0
1954,0.0
1955,0.838
1956,0.0
1957,0.838
1958,0.0
1959,0.0
1960,0.0
1961,0.15400000000000003
1962,0.0
1963,0.0
1964,0.0
1965,0.0
1966,0.0
1967,0.0
1968,0.0
1969,0.6579999999999999
1970,0.0
1971,0.0
1972,0.0
1973,0.352
1974,0.0
1975,0.37
1976,0.136
1977,0.748
1978,0.0
1979,0.5680000000000001
1980,0.82
1981,0.0
1982,0.748
1983,0.0
1984,0.0
1985,0.0
1986,0.37
1987,0.73
1988,0.0
1989,0.45999999999999996
1990,0.0
1991,0.6759999999999999
1992,0.766
1993,0.4959999999999999
1994,0.0
1995,0.0
1996,0.0
1997,0.838
1998,0.352
1999,0.0
2000,0.0
2001,0.622
2002,0.0
2003,0.0
2004,0.784
2005,0.856
2006,0.0
2007,0.586
2008,0.55
2009,0.766
2010,0.0
2011,0.802
2012,0.136
2013,0.0
2014,0.0
2015,0.0
2016,0.0
2017,0.4059999999999999
2018,0.748
2019,0.73
2020,0.0
2021,0.0
2022,0.856
2023,0.802
2024,0.712
2025,0.874
2026,0.784
2027,0.22599999999999998
2028,0.0
2029,0.0
2030,0.622
2031,0.838
2032,0.0
2033,0.478
2034,0.45999999999999996
2035,0.0
2036,0.0
2037,0.838
2038,0.766
2039,0.748
2040,0.0
2041,0.0
2042,0.604
2043,0.0
2044,0.6759999999999999
2045,0.874
2046,0.0
2047,0.604
2048,0.0
2049,0.0
2050,0.55
2051,0.0
2052,0.0
2053,0.478
2054,0.802
2055,0.0
2056,0.0
2057,0.802
2058,0.766
2059,0.0
2060,0.0
2061,0.0
2062,0.73
2063,0.0
2064,0.838
2065,0.6579999999999999
2066,0.0
2067,0.0
2068,0.0
2069,0.244
2070,0.874
2071,0.0
2072,0.0
2073,0.0
2074,0.6759999999999999
2075,0.82
2076,0.0
2077,0.0
2078,0.6579999999999999
2079,0.0
2080,0.694
2081,0.694
2082,0.0
2083,0.0
2084,0.4959999999999999
2085,0.0
2086,0.73
2087,0.0
2088,0.0
2089,0.0
2090,0.874
2091,0.874
2092,0.0
2093,0.0
2094,0.856
2095,0.874
2096,0.17199999999999993
2097,0.4959999999999999
2098,0.622
2099,0.0
2100,0.874
2101,0.0
2102,0.33399999999999996
2103,0.0
2104,0.0
2105,0.0
2106,0.0
2107,0.5680000000000001
2108,0.856
2109,0.874
2110,0.0
2111,0.0
2112,0.6759999999999999
2113,0.4959999999999999
2114,0.0
2115,0.73
2116,0.0
2117,0.0
2118,0.0
2119,0.0
2120,0.6399999999999999
2121,0.802
2122,0.0
2123,0.0
2124,0.0
2125,0.0
2126,0.514
2127,0.17199999999999993
2128,0.532
2129,0.17199999999999993
2130,0.838
2131,0.622
2132,0.45999999999999996
2133,0.0
2134,0.0
2135,0.838
2136,0.0
2137,0.0
2138,0.0
2139,0.0
2140,0.0
2141,0.45999999999999996
2142,0.20799999999999996
2143,0.33399999999999996
2144,0.3879999999999999
2145,0.262
2146,0.118
2147,0.82
2148,0.838
2149,0.0
2150,0.0
2151,0.838
2152,0.0
2153,0.0
2154,0.352
2155,0.0
2156,0.0
2157,0.42399999999999993
2158,0.0
2159,0.33399999999999996
2160,0.0
2161,0.694
2162,0.838
2163,0.4959999999999999
2164,0.622
2165,0.0
2166,0.856
2167,0.0
2168,0.748
2169,0.0
2170,0.0
2171,0.0
2172,0.0
2173,0.17199999999999993
2174,0.712
2175,0.856
2176,0.0
2177,0.6399999999999999
2178,0.0
2179,0.0
2180,0.0
2181,0.0
2182,0.5680000000000001
2183,0.4059999999999999
2184,0.0
2185,0.586
2186,0.0
2187,0.0
2188,0.0
2189,0.766
2190,0.0
2191,0.874
2192,0.712
2193,0.2799999999999999
2194,0.0
2195,0.0
2196,0.586
2197,0.838
2198,0.0
2199,0.766
2200,0.766
2201,0.514
2202,0.874
2203,0.874
2204,0.0
2205,0.0
2206,0.31599999999999995
2207,0.0
2208,0.5680000000000001
2209,0.694
2210,0.0
2211,0.0
2212,0.0
2213,0.73
2214,0.0
2215,0.802
2216,0.802
2217,0.856
2218,0.44199999999999995
2219,0.5680000000000001
2220,0.82
2221,0.0
2222,0.0
2223,0.6399999999999999
2224,0.802
2225,0.856
2226,0.0
2227,0.0
2228,0.262
2229,0.0
2230,0.0
2231,0.6399999999999999
2232,0.0
2233,0.0
2234,0.42399999999999993
2235,0.694
2236,0.0
2237,0.15400000000000003
2238,0.0
2239,0.838
2240,0.604
2241,0.748
2242,0.0
2243,0.856
2244,0.0
2245,0.0
2246,0.0
2247,0.874
2248,0.0
2249,0.784
2250,0.3879999999999999
2251,0.55
2252,0.478
2253,0.0
2254,0.0
2255,0.0
2256,0.118
2257,0.42399999999999993
2258,0.4959999999999999
2259,0.0
2260,0.856
2261,0.0
2262,0.22599999999999998
2263,0.0
2264,0.0
2265,0.4059999999999999
2266,0.0
2267,0.622
2268,0.874
2269,0.0
2270,0.802
2271,0.0
2272,0.0
2273,0.0
2274,0.73
2275,0.37
2276,0.0
2277,0.244
2278,0.802
2279,0.0
2280,0.0
2281,0.4059999999999999
2282,0.4059999999999999
2283,0.20799999999999996
2284,0.802
2285,0.0
2286,0.42399999999999993
2287,0.802
2288,0.514
2289,0.802
2290,0.31599999999999995
2291,0.784
2292,0.856
2293,0.0
2294,0.73
2295,0.0
2296,0.0
2297,0.0
2298,0.802
2299,0.838
2300,0.802
2301,0.262
2302,0.874
2303,0.0
2304,0.31599999999999995
2305,0.0
2306,0.0
2307,0.622
2308,0.0
2309,0.0
2310,0.0
2311,0.784
2312,0.784
2313,0.2799999999999999
2314,0.856
2315,0.0
2316,0.0
2317,0.0
2318,0.0
2319,0.0
2320,0.0
2321,0.784
2322,0.0
2323,0.856
2324,0.0
2325,0.4959999999999999
2326,0.0
2327,0.856
2328,0.0
2329,0.136
2330,0.748
2331,0.42399999999999993
2332,0.15400000000000003
2333,0.0
2334,0.766
2335,0.73
2336,0.4059999999999999
2337,0.0
2338,0.784
2339,0.0
2340,0.0
2341,0.45999999999999996
2342,0.0
2343,0.0
2344,0.874
2345,0.0
2346,0.838
2347,0.802
2348,0.0
2349,0.0
2350,0.18999999999999995
2351,0.622
2352,0.09999999999999998
2353,0.0
2354,0.09999999999999998
2355,0.0
2356,0.0
2357,0.0
2358,0.532
2359,0.712
2360,0.09999999999999998
2361,0.874
2362,0.6579999999999999
2363,0.874
2364,0.3879999999999999
2365,0.244
2366,0.874
2367,0.5680000000000001
2368,0.748
2369,0.33399999999999996
2370,0.0
2371,0.604
2372,0.42399999999999993
2373,0.73
2374,0.0
2375,0.4059999999999999
2376,0.838
2377,0.802
2378,0.0
2379,0.20799999999999996
2380,0.604
2381,0.838
2382,0.5680000000000001
2383,0.262
2384,0.0
2385,0.45999999999999996
2386,0.0
2387,0.694
2388,0.748
2389,0.0
2390,0.0
2391,0.748
2392,0.22599999999999998
2393,0.73
2394,0.0
2395,0.0
2396,0.802
2397,0.874
2398,0.478
2399,0.0
2400,0.856
2401,0.0
2402,0.0
2403,0.0
2404,0.748
2405,0.6759999999999999
2406,0.514
2407,0.37
2408,0.748
2409,0.874
2410,0.712
2411,0.0
2412,0.622
2413,0.0
2414,0.0
2415,0.0
2416,0.838
2417,0.838
2418,0.0
2419,0.0
2420,0.622
2421,0.4959999999999999
2422,0.478
2423,0.0
2424,0.09999999999999998
2425,0.5680000000000001
2426,0.0
2427,0.37
2428,0.6759999999999999
2429,0.0
2430,0.0
2431,0.33399999999999996
2432,0.0
2433,0.42399999999999993
2434,0.6759999999999999
2435,0.0
2436,0.33399999999999996
2437,0.09999999999999998
2438,0.766
2439,0.29799999999999993
2440,0.0
2441,0.44199999999999995
2442,0.514
2443,0.694
2444,0.0
2445,0.604
2446,0.0
2447,0.874
2448,0.514
2449,0.15400000000000003
2450,0.352
2451,0.712
2452,0.82
2453,0.0
2454,0.45999999999999996
2455,0.694
2456,0.17199999999999993
2457,0.118
2458,0.0
2459,0.33399999999999996
2460,0.44199999999999995
2461,0.0
2462,0.4959999999999999
2463,0.0
2464,0.874
2465,0.82
2466,0.0
2467,0.0
2468,0.694
2469,0.874
2470,0.0
2471,0.3879999999999999
2472,0.33399999999999996
2473,0.29799999999999993
2474,0.0
2475,0.712
2476,0.82
2477,0.856
2478,0.45999999999999996
2479,0.0
2480,0.31599999999999995
2481,0.6759999999999999
2482,0.622
2483,0.874
2484,0.856
2485,0.0
2486,0.0
2487,0.766
2488,0.0
2489,0.0
2490,0.18999999999999995
2491,0.0
2492,0.0
2493,0.5680000000000001
2494,0.3879999999999999
2495,0.0
2496,0.0
2497,0.0
2498,0.6399999999999999
2499,0.514
2500,0.0
2501,0.09999999999999998
2502,0.0
2503,0.0
2504,0.0
2505,0.2799999999999999
2506,0.0
2507,0.45999999999999996
2508,0.838
2509,0.244
2510,0.0
2511,0.0
2512,0.0
2513,0.874
2514,0.712
2515,0.0
2516,0.0
2517,0.802
2518,0.15400000000000003
2519,0.6759999999999999
2520,0.0
2521,0.33399999999999996
2522,0.44199999999999995
2523,0.838
2524,0.0
2525,0.33399999999999996
2526,0.0
2527,0.6399999999999999
2528,0.0
2529,0.4059999999999999
2530,0.0
2531,0.0
2532,0.09999999999999998
2533,0.0
2534,0.6399999999999999
2535,0.766
2536,0.0
2537,0.0
2538,0.15400000000000003
2539,0.838
2540,0.5680000000000001
2541,0.42399999999999993
2542,0.748
2543,0.0
2544,0.856
2545,0.838
2546,0.874
2547,0.33399999999999996
2548,0.0
2549,0.838
2550,0.0
2551,0.586
2552,0.784
2553,0.136
2554,0.82
2555,0.874
2556,0.0
2557,0.838
2558,0.712
2559,0.22599999999999998
2560,0.0
2561,0.0
2562,0.0
2563,0.29799999999999993
2564,0.0
2565,0.766
2566,0.0
2567,0.136
2568,0.712
2569,0.838
2570,0.5680000000000001
2571,0.0
2572,0.0
2573,0.622
2574,0.6759999999999999
2575,0.0
2576,0.838
2577,0.766
2578,0.82
2579,0.31599999999999995
2580,0.0
2581,0.622
2582,0.0
2583,0.352
2584,0.0
2585,0.0
2586,0.0
2587,0.604
2588,0.0
2589,0.0
2590,0.6399999999999999
2591,0.0
2592,0.0
2593,0.802
2594,0.0
2595,0.0
2596,0.15400000000000003
2597,0.694
2598,0.42399999999999993
2599,0.0
2600,0.0
2601,0.784
2602,0.262
2603,0.45999999999999996
2604,0.748
2605,0.622
2606,0.0
2607,0.622
2608,0.0
2609,0.0
2610,0.37
2611,0.874
2612,0.0
2613,0.0
2614,0.712
2615,0.262
2616,0.514
2617,0.694
2618,0.514
2619,0.0
2620,0.0
2621,0.20799999999999996
2622,0.0
2623,0.0
2624,0.802
2625,0.748
2626,0.262
2627,0.82
2628,0.3879999999999999
2629,0.784
2630,0.514
2631,0.0
2632,0.15400000000000003
2633,0.0
2634,0.802
2635,0.17199999999999993
2636,0.0
2637,0.31599999999999995
2638,0.0
2639,0.0
2640,0.856
2641,0.856
2642,0.33399999999999996
2643,0.0
2644,0.0
2645,0.6759999999999999
2646,0.0
2647,0.29799999999999993
2648,0.244
2649,0.44199999999999995
2650,0.0
2651,0.18999999999999995
2652,0.0
2653,0.586
2654,0.514
2655,0.6399999999999999
2656,0.0
2657,0.0
2658,0.3879999999999999
2659,0.0
2660,0.784
2661,0.874
2662,0.0
2663,0.802
2664,0.0
2665,0.33399999999999996
2666,0.586
2667,0.0
2668,0.15400000000000003
2669,0.694
2670,0.0
2671,0.586
2672,0.838
2673,0.6399999999999999
2674,0.586
2675,0.0
2676,0.0
2677,0.0
2678,0.0
2679,0.244
2680,0.244
2681,0.622
2682,0.0
2683,0.766
2684,0.874
2685,0.31599999999999995
2686,0.748
2687,0.0
2688,0.45999999999999996
2689,0.622
2690,0.82
2691,0.838
2692,0.0
2693,0.784
2694,0.5680000000000001
2695,0.784
2696,0.0
2697,0.766
2698,0.604
2699,0.6579999999999999
2700,0.0
2701,0.748
2702,0.0
2703,0.244
2704,0.42399999999999993
2705,0.55
2706,0.802
2707,0.856
2708,0.0
2709,0.856
2710,0.4959999999999999
2711,0.0
2712,0.586
2713,0.0
2714,0.0
2715,0.856
2716,0.136
2717,0.55
2718,0.0
2719,0.532
2720,0.44199999999999995
2721,0.586
2722,0.766
2723,0.478
2724,0.33399999999999996
2725,0.0
2726,0.0
2727,0.0
2728,0.712
2729,0.33399999999999996
2730,0.0
2731,0.604
2732,0.604
2733,0.55
2734,0.856
2735,0.0
2736,0.0
2737,0.514
2738,0.6759999999999999
2739,0.802
2740,0.784
2741,0.0
2742,0.0
2743,0.42399999999999993
2744,0.31599999999999995
2745,0.586
2746,0.838
2747,0.478
2748,0.0
2749,0.0
2750,0.0
2751,0.874
2752,0.6759999999999999
2753,0.0
2754,0.838
2755,0.6759999999999999
2756,0.856
2757,0.802
2758,0.0
2759,0.604
2760,0.0
2761,0.0
2762,0.622
2763,0.0
2764,0.0
2765,0.0
2766,0.4059999999999999
2767,0.802
2768,0.6399999999999999
2769,0.0
2770,0.532
2771,0.0
2772,0.0
2773,0.352
2774,0.73
2775,0.784
2776,0.244
2777,0.784
2778,0.0
2779,0.6399999999999999
2780,0.0
2781,0.802
2782,0.694
2783,0.0
2784,0.0
2785,0.0
2786,0.31599999999999995
2787,0.0
2788,0.55
2789,0.18999999999999995
2790,0.748
2791,0.0
2792,0.15400000000000003
2793,0.45999999999999996
2794,0.0
2795,0.118
2796,0.0
2797,0.73
2798,0.22599999999999998
2799,0.82
2800,0.55
2801,0.0
2802,0.45999999999999996
2803,0.694
2804,0.31599999999999995
2805,0.856
2806,0.42399999999999993
2807,0.856
2808,0.0
2809,0.4959999999999999
2810,0.0
2811,0.18999999999999995
2812,0.37
2813,0.82
2814,0.856
2815,0.766
2816,0.514
2817,0.874
2818,0.802
2819,0.712
2820,0.0
2821,0.0
2822,0.5680000000000001
2823,0.856
2824,0.6399999999999999
2825,0.31599999999999995
2826,0.856
2827,0.0
2828,0.0
2829,0.0
2830,0.784
2831,0.748
2832,0.0
2833,0.0
2834,0.0
2835,0.0
2836,0.45999999999999996
2837,0.784
2838,0.262
2839,0.0
2840,0.532
2841,0.784
2842,0.3879999999999999
2843,0.31599999999999995
2844,0.0
2845,0.82
2846,0.0
2847,0.784
2848,0.44199999999999995
2849,0.29799999999999993
2850,0.712
2851,0.0
2852,0.0
2853,0.0
2854,0.0
2855,0.6399999999999999
2856,0.0
2857,0.838
2858,0.0
2859,0.0
2860,0.874
2861,0.622
2862,0.514
2863,0.514
2864,0.838
2865,0.784
2866,0.33399999999999996
2867,0.82
2868,0.0
2869,0.0
2870,0.29799999999999993
2871,0.20799999999999996
2872,0.73
2873,0.874
2874,0.3879999999999999
2875,0.0
2876,0.874
2877,0.0
2878,0.802
2879,0.0
2880,0.09999999999999998
2881,0.33399999999999996
2882,0.874
2883,0.0
2884,0.37
2885,0.0
2886,0.29799999999999993
2887,0.0
2888,0.748
2889,0.22599999999999998
2890,0.0
2891,0.136
2892,0.73
2893,0.604
2894,0.0
2895,0.784
2896,0.0
2897,0.82
2898,0.766
2899,0.0
2900,0.874
2901,0.2799999999999999
2902,0.0
2903,0.15400000000000003
2904,0.0
2905,0.604
2906,0.0
2907,0.0
2908,0.0
2909,0.784
2910,0.0
2911,0.82
2912,0.244
2913,0.784
2914,0.4059999999999999
2915,0.37
2916,0.0
2917,0.0
2918,0.0
2919,0.4959999999999999
2920,0.0
2921,0.244
2922,0.0
2923,0.0
2924,0.0
2925,0.0
2926,0.766
2927,0.0
2928,0.0
2929,0.856
2930,0.0
2931,0.874
2932,0.0
2933,0.0
2934,0.0
2935,0.748
2936,0.0
2937,0.514
2938,0.82
2939,0.784
2940,0.0
2941,0.31599999999999995
2942,0.0
2943,0.4959999999999999
2944,0.0
2945,0.0
2946,0.0
2947,0.874
2948,0.0
2949,0.55
2950,0.0
2951,0.874
2952,0.0
2953,0.874
2954,0.0
2955,0.0
2956,0.514
2957,0.748
2958,0.4059999999999999
2959,0.0
2960,0.748
2961,0.6759999999999999
2962,0.0
2963,0.0
2964,0.15400000000000003
2965,0.0
2966,0.0
2967,0.6399999999999999
2968,0.31599999999999995
2969,0.712
2970,0.3879999999999999
2971,0.766
2972,0.0
2973,0.0
2974,0.0
2975,0.4059999999999999
2976,0.44199999999999995
2977,0.4959999999999999
2978,0.45999999999999996
2979,0.0
2980,0.262
2981,0.0
2982,0.0
2983,0.802
2984,0.73
2985,0.6759999999999999
2986,0.0
2987,0.29799999999999993
2988,0.0
2989,0.136
2990,0.874
2991,0.802
2992,0.0
2993,0.262
2994,0.874
2995,0.42399999999999993
2996,0.0
2997,0.0
2998,0.82
2999,0.514
3000,0.0
3001,0.2799999999999999
3002,0.0
3003,0.784
3004,0.0
3005,0.0
3006,0.2799999999999999
3007,0.2799999999999999
3008,0.82
3009,0.6759999999999999
3010,0.0
3011,0.0
3012,0.0
3013,0.33399999999999996
3014,0.766
3015,0.0
3016,0.0
3017,0.0
3018,0.45999999999999996
3019,0.45999999999999996
3020,0.0
3021,0.712
3022,0.532
3023,0.0
3024,0.5680000000000001
3025,0.5680000000000001
3026,0.586
3027,0.514
3028,0.838
3029,0.802
3030,0.478
3031,0.874
3032,0.0
3033,0.0
3034,0.838
3035,0.0
3036,0.586
3037,0.0
3038,0.0
3039,0.29799999999999993
3040,0.748
3041,0.784
3042,0.874
3043,0.0
3044,0.532
3045,0.604
3046,0.694
3047,0.0
3048,0.3879999999999999
3049,0.0
3050,0.766
3051,0.712
3052,0.4059999999999999
3053,0.838
3054,0.73
3055,0.6399999999999999
3056,0.17199999999999993
3057,0.784
3058,0.0
3059,0.874
3060,0.37
3061,0.5680000000000001
3062,0.0
3063,0.712
3064,0.6759999999999999
3065,0.0
3066,0.0
3067,0.586
3068,0.0
3069,0.0
3070,0.802
3071,0.0
3072,0.0
3073,0.0
3074,0.0
3075,0.0
3076,0.784
3077,0.0
3078,0.838
3079,0.748
3080,0.0
3081,0.0
3082,0.0
3083,0.0
3084,0.0
3085,0.73
3086,0.0
3087,0.0
3088,0.82
3089,0.748
3090,0.0
3091,0.0
3092,0.784
3093,0.0
3094,0.42399999999999993
3095,0.0
3096,0.0
3097,0.694
3098,0.856
3099,0.712
3100,0.0
3101,0.0
3102,0.45999999999999996
3103,0.0
3104,0.82
3105,0.874
3106,0.856
3107,0.4059999999999999
3108,0.0
3109,0.44199999999999995
3110,0.604
3111,0.604
3112,0.0
3113,0.0
3114,0.0
3115,0.73
3116,0.856
3117,0.0
3118,0.0
3119,0.514
3120,0.604
3121,0.0
3122,0.0
3123,0.44199999999999995
3124,0.20799999999999996
3125,0.0
3126,0.838
3127,0.0
3128,0.0
3129,0.0
3130,0.766
3131,0.0
3132,0.0
3133,0.0
3134,0.0
3135,0.856
3136,0.37
3137,0.0
3138,0.4059999999999999
3139,0.82
3140,0.0
3141,0.4059999999999999
3142,0.622
3143,0.0
3144,0.0
3145,0.0
3146,0.0
3147,0.838
3148,0.6399999999999999
3149,0.838
3150,0.0
3151,0.0
3152,0.0
3153,0.55
3154,0.0
3155,0.874
3156,0.33399999999999996
3157,0.0
3158,0.44199999999999995
3159,0.712
3160,0.82
3161,0.0
3162,0.802
3163,0.82
3164,0.4959999999999999
3165,0.0
3166,0.0
3167,0.6579999999999999
3168,0.6759999999999999
3169,0.0
3170,0.73
3171,0.0
3172,0.0
3173,0.45999999999999996
3174,0.18999999999999995
3175,0.0
3176,0.604
3177,0.802
3178,0.6759999999999999
3179,0.0
3180,0.0
3181,0.6759999999999999
3182,0.766
3183,0.15400000000000003
3184,0.0
3185,0.0
3186,0.45999999999999996
3187,0.6759999999999999
3188,0.17199999999999993
3189,0.0
3190,0.694
3191,0.0
3192,0.0
3193,0.6579999999999999
3194,0.18999999999999995
3195,0.2799999999999999
3196,0.0
3197,0.766
3198,0.82
3199,0.838
3200,0.3879999999999999
3201,0.42399999999999993
3202,0.17199999999999993
3203,0.0
3204,0.0
3205,0.748
3206,0.4059999999999999
3207,0.604
3208,0.0
3209,0.0
3210,0.694
3211,0.0
3212,0.0
3213,0.82
3214,0.0
3215,0.694
3216,0.856
3217,0.3879999999999999
3218,0.838
3219,0.15400000000000003
3220,0.118
3221,0.0
3222,0.0
3223,0.0
3224,0.136
3225,0.0
3226,0.0
3227,0.694
3228,0.0
3229,0.784
3230,0.802
3231,0.73
3232,0.44199999999999995
3233,0.0
3234,0.0
3235,0.0
3236,0.33399999999999996
3237,0.0
3238,0.6399999999999999
3239,0.0
3240,0.6759999999999999
3241,0.29799999999999993
3242,0.262
3243,0.0
3244,0.0
3245,0.6579999999999999
3246,0.44199999999999995
3247,0.838
3248,0.0
3249,0.856
3250,0.0
3251,0.0
3252,0.42399999999999993
3253,0.0
3254,0.0
3255,0.37
3256,0.0
3257,0.0
3258,0.136
3259,0.20799999999999996
3260,0.33399999999999996
3261,0.82
3262,0.0
3263,0.766
3264,0.0
3265,0.0
3266,0.55
3267,0.18999999999999995
3268,0.2799999999999999
3269,0.766
3270,0.748
3271,0.0
3272,0.0
3273,0.712
3274,0.18999999999999995
3275,0.4059999999999999
3276,0.604
3277,0.802
3278,0.0
3279,0.784
3280,0.748
3281,0.0
3282,0.6579999999999999
3283,0.15400000000000003
3284,0.0
3285,0.244
3286,0.712
3287,0.0
3288,0.0
3289,0.838
3290,0.31599999999999995
3291,0.514
3292,0.37
3293,0.0
3294,0.874
3295,0.694
3296,0.856
3297,0.0
3298,0.73
3299,0.3879999999999999
3300,0.17199999999999993
3301,0.0
3302,0.0
3303,0.784
3304,0.586
3305,0.42399999999999993
3306,0.0
3307,0.0
3308,0.784
3309,0.0
3310,0.0
3311,0.6399999999999999
3312,0.6759999999999999
3313,0.604
3314,0.856
3315,0.0
3316,0.0
3317,0.6399999999999999
3318,0.478
3319,0.802
3320,0.694
3321,0.0
3322,0.0
3323,0.838
3324,0.874
3325,0.532
3326,0.82
3327,0.802
3328,0.0
3329,0.5680000000000001
3330,0.0
3331,0.0
3332,0.0
3333,0.748
3334,0.604
3335,0.874
3336,0.31599999999999995
3337,0.0
3338,0.0
3339,0.856
3340,0.0
3341,0.0
3342,0.0
3343,0.694
3344,0.586
3345,0.838
3346,0.0
3347,0.29799999999999993
3348,0.478
3349,0.856
3350,0.20799999999999996
3351,0.0
3352,0.0
3353,0.44199999999999995
3354,0.604
3355,0.262
3356,0.5680000000000001
3357,0.0
3358,0.784
3359,0.622
3360,0.42399999999999993
3361,0.0
3362,0.0
3363,0.0
3364,0.0
3365,0.0
3366,0.532
3367,0.0
3368,0.802
3369,0.136
3370,0.6759999999999999
3371,0.0
3372,0.514
3373,0.118
3374,0.0
3375,0.55
3376,0.622
3377,0.4959999999999999
3378,0.0
3379,0.514
3380,0.0
3381,0.748
3382,0.0
3383,0.0
3384,0.6579999999999999
3385,0.0
3386,0.0
3387,0.4959999999999999
3388,0.136
3389,0.33399999999999996
3390,0.0
3391,0.55
3392,0.838
3393,0.82
3394,0.0
3395,0.0
3396,0.712
3397,0.478
3398,0.0
3399,0.55
3400,0.0
3401,0.856
3402,0.0
3403,0.18999999999999995
3404,0.838
3405,0.766
3406,0.2799999999999999
3407,0.0
3408,0.6759999999999999
3409,0.748
3410,0.766
3411,0.42399999999999993
3412,0.0
3413,0.352
3414,0.0
3415,0.33399999999999996
3416,0.0
3417,0.532
3418,0.622
3419,0.262
3420,0.856
3421,0.838
3422,0.0
3423,0.0
3424,0.3879999999999999
3425,0.0
3426,0.0
3427,0.6579999999999999
3428,0.0
3429,0.0
3430,0.784
3431,0.6759999999999999
3432,0.856
3433,0.0
3434,0.5680000000000001
3435,0.586
3436,0.0
3437,0.0
3438,0.0
3439,0.0
3440,0.874
3441,0.73
3442,0.712
3443,0.17199999999999993
3444,0.31599999999999995
3445,0.82
3446,0.2799999999999999
3447,0.0
3448,0.586
3449,0.766
3450,0.17199999999999993
3451,0.0
3452,0.0
3453,0.6759999999999999
3454,0.694
3455,0.0
3456,0.0
3457,0.622
3458,0.784
3459,0.0
3460,0.0
3461,0.604
3462,0.0
3463,0.784
3464,0.4059999999999999
3465,0.694
3466,0.0
3467,0.748
3468,0.766
3469,0.82
3470,0.0
3471,0.0
3472,0.0
3473,0.532
3474,0.0
3475,0.73
3476,0.712
3477,0.0
3478,0.0
3479,0.0
3480,0.784
3481,0.0
3482,0.766
3483,0.784
3484,0.244
3485,0.874
3486,0.694
3487,0.0
3488,0.586
3489,0.31599999999999995
3490,0.838
3491,0.0
3492,0.856
3493,0.532
3494,0.0
3495,0.586
3496,0.856
3497,0.0
3498,0.31599999999999995
3499,0.586
3500,0.0
3501,0.622
3502,0.0
3503,0.478
3504,0.0
3505,0.136
3506,0.0
3507,0.44199999999999995
3508,0.856
3509,0.352
3510,0.874
3511,0.0
3512,0.0
3513,0.0
3514,0.37
3515,0.0
3516,0.2799999999999999
3517,0.604
3518,0.42399999999999993
3519,0.0
3520,0.18999999999999995
3521,0.0
3522,0.09999999999999998
3523,0.856
3524,0.37
3525,0.0
3526,0.31599999999999995
3527,0.4059999999999999
3528,0.0
3529,0.604
3530,0.0
3531,0.09999999999999998
3532,0.514
3533,0.0
3534,0.766
3535,0.3879999999999999
3536,0.0
3537,0.712
3538,0.694
3539,0.45999999999999996
3540,0.604
3541,0.802
3542,0.784
3543,0.0
3544,0.136
3545,0.3879999999999999
3546,0.22599999999999998
3547,0.478
3548,0.82
3549,0.262
3550,0.0
3551,0.838
3552,0.22599999999999998
3553,0.0
3554,0.0
3555,0.0
3556,0.55
3557,0.0
3558,0.0
3559,0.766
3560,0.0
3561,0.0
3562,0.712
3563,0.784
3564,0.0
3565,0.0
3566,0.6579999999999999
3567,0.5680000000000001
3568,0.802
3569,0.0
3570,0.766
3571,0.838
3572,0.838
3573,0.0
3574,0.18999999999999995
3575,0.33399999999999996
3576,0.0
3577,0.766
3578,0.0
3579,0.0
3580,0.0
3581,0.4959999999999999
3582,0.0
3583,0.0
3584,0.3879999999999999
3585,0.0
3586,0.478
3587,0.0
3588,0.622
3589,0.748
3590,0.262
3591,0.0
3592,0.82
3593,0.18999999999999995
3594,0.0
3595,0.838
3596,0.0
3597,0.0
3598,0.838
3599,0.604
3600,0.0
3601,0.0
3602,0.6579999999999999
3603,0.45999999999999996
3604,0.0
3605,0.73
3606,0.802
3607,0.0
3608,0.0
3609,0.0
3610,0.0
3611,0.0
3612,0.0
3613,0.0
3614,0.6759999999999999
3615,0.3879999999999999
3616,0.352
3617,0.82
3618,0.784
3619,0.712
3620,0.0
3621,0.0
3622,0.5680000000000001
3623,0.0
3624,0.42399999999999993
3625,0.4959999999999999
3626,0.18999999999999995
3627,0.0
3628,0.33399999999999996
3629,0.15400000000000003
3630,0.0
3631,0.5680000000000001
3632,0.874
3633,0.0
3634,0.0
3635,0.784
3636,0.0
3637,0.0
3638,0.0
3639,0.802
3640,0.6579999999999999
3641,0.6759999999999999
3642,0.4959999999999999
3643,0.0
3644,0.838
3645,0.6399999999999999
3646,0.514
3647,0.37
3648,0.784
3649,0.622
3650,0.37
3651,0.0
3652,0.0
3653,0.33399999999999996
3654,0.0
3655,0.622
3656,0.31599999999999995
3657,0.6759999999999999
3658,0.856
3659,0.0
3660,0.6579999999999999
3661,0.802
3662,0.514
3663,0.0
3664,0.0
3665,0.0
3666,0.42399999999999993
3667,0.694
3668,0.0
3669,0.784
3670,0.478
3671,0.838
3672,0.17199999999999993
3673,0.4959999999999999
3674,0.55
3675,0.0
3676,0.244
3677,0.0
3678,0.0
3679,0.856
3680,0.55
3681,0.0
3682,0.784
3683,0.0
3684,0.0
3685,0.31599999999999995
3686,0.514
3687,0.838
3688,0.44199999999999995
3689,0.0
3690,0.0
3691,0.0
3692,0.622
3693,0.0
3694,0.856
3695,0.0
3696,0.0
3697,0.4959999999999999
3698,0.0
3699,0.0
3700,0.0
3701,0.0
3702,0.478
3703,0.82
3704,0.0
3705,0.136
3706,0.0
3707,0.712
3708,0.6579999999999999
3709,0.0
3710,0.712
3711,0.0
3712,0.838
3713,0.0
3714,0.3879999999999999
3715,0.0
3716,0.2799999999999999
3717,0.82
3718,0.0
3719,0.0
3720,0.37
3721,0.0
3722,0.45999999999999996
3723,0.874
3724,0.874
3725,0.0
3726,0.37
3727,0.0
3728,0.0
3729,0.0
3730,0.0
3731,0.82
3732,0.0
3733,0.6759999999999999
3734,0.352
3735,0.784
3736,0.0
3737,0.0
3738,0.838
3739,0.0
3740,0.17199999999999993
3741,0.118
3742,0.748
3743,0.874
3744,0.6579999999999999
3745,0.0
3746,0.55
3747,0.42399999999999993
3748,0.766
3749,0.0
3750,0.856
3751,0.37
3752,0.0
3753,0.262
3754,0.0
3755,0.6759999999999999
3756,0.0
3757,0.838
3758,0.586
3759,0.766
3760,0.874
3761,0.0
3762,0.874
3763,0.0
3764,0.0
3765,0.874
3766,0.244
3767,0.20799999999999996
3768,0.694
3769,0.0
3770,0.0
3771,0.0
3772,0.0
3773,0.73
3774,0.44199999999999995
3775,0.694
3776,0.0
3777,0.0
3778,0.6759999999999999
3779,0.118
3780,0.0
3781,0.0
3782,0.0
3783,0.4959999999999999
3784,0.874
3785,0.18999999999999995
3786,0.0
3787,0.0
3788,0.82
3789,0.0
3790,0.55
3791,0.874
3792,0.15400000000000003
3793,0.838
3794,0.694
3795,0.856
3796,0.6759999999999999
3797,0.0
3798,0.55
3799,0.802
3800,0.0
3801,0.766
3802,0.0
3803,0.0
3804,0.5680000000000001
3805,0.4959999999999999
3806,0.45999999999999996
3807,0.0
3808,0.0
3809,0.694
3810,0.0
3811,0.0
3812,0.0
3813,0.0
3814,0.6399999999999999
3815,0.0
3816,0.838
3817,0.802
3818,0.0
3819,0.712
3820,0.82
3821,0.0
3822,0.0
3823,0.0
3824,0.0
3825,0.73
3826,0.748
3827,0.0
3828,0.604
3829,0.0
3830,0.712
3831,0.0
3832,0.0
3833,0.0
3834,0.82
3835,0.0
3836,0.0
3837,0.0
3838,0.0
3839,0.856
3840,0.0
3841,0.0
3842,0.15400000000000003
3843,0.0
3844,0.0
3845,0.0
3846,0.712
3847,0.838
3848,0.244
3849,0.6759999999999999
3850,0.0
3851,0.118
3852,0.17199999999999993
3853,0.0
3854,0.0
3855,0.29799999999999993
3856,0.73
3857,0.0
3858,0.22599999999999998
3859,0.0
3860,0.766
3861,0.73
3862,0.44199999999999995
3863,0.0
3864,0.838
3865,0.0
3866,0.55
3867,0.0
3868,0.0
3869,0.0
3870,0.0
3871,0.0
3872,0.0
3873,0.15400000000000003
3874,0.82
3875,0.352
3876,0.766
3877,0.784
3878,0.0
3879,0.766
3880,0.0
3881,0.586
3882,0.0
3883,0.0
3884,0.42399999999999993
3885,0.838
3886,0.0
3887,0.18999999999999995
3888,0.0
3889,0.0
3890,0.478
3891,0.6399999999999999
3892,0.44199999999999995
3893,0.6399999999999999
3894,0.0
3895,0.18999999999999995
3896,0.6759999999999999
3897,0.45999999999999996
3898,0.17199999999999993
3899,0.0
3900,0.0
3901,0.0
3902,0.4059999999999999
3903,0.31599999999999995
3904,0.694
3905,0.136
3906,0.0
3907,0.748
3908,0.0
3909,0.4959999999999999
3910,0.694
3911,0.874
3912,0.352
3913,0.0
3914,0.0
3915,0.0
3916,0.22599999999999998
3917,0.0
3918,0.0
3919,0.0
3920,0.0
3921,0.0
3922,0.0
3923,0.766
3924,0.09999999999999998
3925,0.712
3926,0.0
3927,0.0
3928,0.0
3929,0.0
3930,0.802
3931,0.4059999999999999
3932,0.766
3933,0.0
3934,0.4959999999999999
3935,0.838
3936,0.6759999999999999
3937,0.244
3938,0.6759999999999999
3939,0.82
3940,0.82
3941,0.5680000000000001
3942,0.0
3943,0.82
3944,0.0
3945,0.73
3946,0.0
3947,0.784
3948,0.802
3949,0.0
3950,0.6759999999999999
3951,0.0
3952,0.244
3953,0.604
3954,0.37
3955,0.0
3956,0.0
3957,0.0
3958,0.82
3959,0.0
3960,0.874
3961,0.586
3962,0.0
3963,0.0
3964,0.0
3965,0.0
3966,0.0
3967,0.802
3968,0.622
3969,0.838
3970,0.0
3971,0.0
3972,0.0
3973,0.0
3974,0.3879999999999999
3975,0.352
3976,0.244
3977,0.0
3978,0.262
3979,0.712
3980,0.0
3981,0.29799999999999993
3982,0.6399999999999999
3983,0.0
3984,0.694
3985,0.42399999999999993
3986,0.0
3987,0.44199999999999995
3988,0.3879999999999999
3989,0.73
3990,0.0
3991,0.0
3992,0.136
3993,0.6399999999999999
3994,0.4959999999999999
3995,0.31599999999999995
3996,0.622
3997,0.856
3998,0.748
3999,0.748
